{"userId": 0, "name": "Pandora", "dob": "1940-01-01T00:00:00", "ai_details": [{"id": [0, 0], "details": ["Pandora, the 84yearold patient, lives alone and recently had a fall resulting in a hospital stay and rehabilitation for 2 months. She is currently not taking any medications and has no known allergies. Pandora prefers simple food for breakfast, sandwiches for lunch, and cooked meals with vegetables for dinner, and enjoys a small dessert. She is mobile and able to perform daily tasks but is frail. Pandora is starting to show signs of cognitive decline, including forgetfulness and difficulty with unusual situations and problems. She is a widower and has limited social contact, primarily with her daughter Penny. Pandora has no advanced care directives or specific treatment wishes."]}]}