[{"date": "2023-11-19", "summary": "", "tokenCnt": 0, "aiVersion": "v1"}, {"date": "2023-11-21", "summary": "Throughout the day, the patient seems to be in a positive emotional state as they mention having a good afternoon and feeling satisfied with their cleaning activities. Mentally, the patient appears engaged and open to conversation as they share about their activities and express their willingness to talk about other topics. In terms of physical state, there is no specific information provided, so it is unclear how the patient's physical well-being is at this time. Overall, the patient seems to be in a relatively good state, but further information about their physical health would be beneficial to monitor their overall well-being.", "tokenCnt": 0, "aiVersion": "v1"}, {"date": "2023-11-22", "summary": "Throughout the day, the patient's emotional state seemed uncertain and in need of reassurance. They started with a test message, indicating a desire to ensure the system was working properly. They expressed relief when they were informed that the system was indeed functioning. However, they continued to question its functionality, seeking further confirmation. \n\nMentally, the patient appeared curious and engaged. They actively participated in the conversation, asking questions and requesting assistance with completing a sentence. This indicates a desire for cognitive stimulation and a willingness to engage in meaningful interactions.\n\nPhysically, the patient's state cannot be determined from the conversation alone as it primarily focused on the functionality of the system and the patient's mental and emotional state. Additional information would be required to assess their physical well-being accurately.", "tokenCnt": 0, "aiVersion": "v1"}, {"date": "2023-11-23", "summary": "The patient, Pandora, appears to be in a stable emotional state throughout the day, as they respond politely and engage in conversations with AIDE. Mentally, Pandora seems to be alert and coherent, as they are able to answer questions and provide relevant information. Physically, there is no specific mention of any health problems or concerns, indicating that Pandora may be in good overall health. However, it is important to note that this conversation does not provide a comprehensive understanding of Pandora's emotional, mental, and physical state, as it focuses primarily on cleaning tasks, recipes, and jokes. Further assessment and monitoring would be necessary to track Pandora's overall well-being.", "tokenCnt": 0, "aiVersion": "v1"}, {"date": "2023-11-24", "summary": "Throughout the day, Pandora appears to be in a stable emotional state. She engages in conversation and shares aspects of her life, indicating a level of mental well-being. She expresses satisfaction with her cleaning routine and seems content discussing it. Pandora also mentions communicating with her daughter, indicating a healthy social connection. In terms of physical health, there is no specific information provided to assess Pandora's condition. Overall, Pandora seems to be in good spirits and maintains a positive attitude throughout the conversation.", "tokenCnt": 0, "aiVersion": "v1"}]