[{"date": 1700443941.2959318, "conversation": [], "conversationSummary": "Without the conversation, it is not possible to summarize the patient's emotional state.", "developmentSummary": "Without the conversation, it is not possible to summarize the patient's emotional state."}, {"date": 1700444082.721864, "conversation": [{"human": "Today I got out of bed and made a cup of tea"}, {"ai": "That's great to hear! Starting your day with a cup of tea can be a soothing and comforting way to ease into the day. How are you feeling now that you're up and about ?"}], "conversationSummary": "The patient seems to be feeling positive and motivated as they mention getting out of bed and making a cup of tea.", "developmentSummary": "The patient has made progress by getting out of bed and making a cup of tea, indicating a potential improvement in their emotional state. They may be feeling a bit better or motivated to start their day."}, {"date": 1700444487.2541351, "conversation": []}, {"date": 1700444495.3182259, "conversation": [], "conversationSummary": "The emotional state of the patient appears to be anxious and overwhelmed. They express feelings of stress and frustration, describing their mind as constantly racing and having difficulty focusing. The patient also highlights challenges in managing their emotions and finding a sense of peace. Overall, their emotional state seems to indicate a need for support and assistance in addressing their mental health.", "developmentSummary": "The patient is feeling anxious and overwhelmed due to increased stress at work. They express frustration and a sense of being overwhelmed. They are seeking guidance on how to manage their stress and find a better work-life balance."}, {"date": 1700447636.2531781, "conversation": [], "conversationSummary": "Without the conversation provided, it is not possible to accurately summarize the patient's emotional state. Please provide the conversation so that a summary can be created.", "developmentSummary": "The patient is experiencing sadness and hurt from a recent breakup, struggling to get over their ex-partner. They express difficulty and sadness, indicating a need for support and understanding during this challenging time."}, {"date": 1700447681.563752, "conversation": [], "conversationSummary": "Based on the given conversation, it is difficult to accurately assess the patient's emotional state without any content. Please provide the conversation between the patient and the AI Assistant for a more comprehensive analysis.", "developmentSummary": "The patient is feeling overwhelmed and stressed due to work-related issues. They express frustration and a sense of being stuck and unsure of how to move forward. They are seeking guidance and solutions to help alleviate their stress and improve their work situation."}, {"date": 1700447947.43467, "conversation": [], "conversationSummary": "The emotional state of the patient is not provided in the conversation.", "developmentSummary": "The patient is feeling overwhelmed and stressed due to work-related issues. They express frustration and a desire for guidance in managing their workload and finding work-life balance. They are seeking support and advice to alleviate their stress and improve their mental well-being."}, {"date": 1700448338.364196, "conversation": [], "conversationSummary": "The patient appears to be experiencing a range of negative emotions, including frustration, anxiety, and sadness. They express feeling overwhelmed by their current situation and struggling to find motivation. The patient also mentions feeling disconnected from others and experiencing difficulty in maintaining relationships. Overall, their emotional state seems to be in a state of distress and imbalance.", "developmentSummary": "The patient is feeling overwhelmed and anxious about an upcoming presentation at work. They express self-doubt and fear of failure. They are seeking guidance and strategies to manage their anxiety and boost their confidence in public speaking."}, {"date": 1700526714.7853818, "conversation": [], "conversationSummary": "The emotional state of the patient is not provided in the conversation.", "developmentSummary": "The patient is experiencing sadness and hurt from a recent breakup, struggling to get over their ex-partner. They express difficulty and sadness, indicating a need for support and understanding during this challenging time."}, {"date": 1700527001.2506392, "conversation": [], "conversationSummary": "The emotional state of the patient is not provided in the conversation.", "developmentSummary": "The patient is experiencing sadness and hurt from a recent breakup, struggling to get over their ex-partner. They express difficulty and sadness, indicating a need for support and understanding during this challenging time."}, {"date": 1700527074.195231, "conversation": [], "conversationSummary": "Without the conversation, it is not possible to accurately summarize the patient's emotional state and assess their mental health.", "developmentSummary": "The patient is experiencing sadness and hurt from a recent breakup, struggling to get over their ex-partner. They express difficulty and sadness, indicating a need for support and understanding during this challenging time."}, {"date": 1700527107.9970639, "conversation": [], "conversationSummary": "The emotional state of the patient is not provided in the conversation.", "developmentSummary": "The patient is experiencing sadness and hurt from a recent breakup, struggling to get over their ex-partner. They express difficulty and sadness, indicating a need for support and understanding during this challenging time."}, {"date": 1700528640.2219589, "conversation": [], "conversationSummary": "The patient appears to be feeling overwhelmed and frustrated. They express a sense of being stuck and unable to move forward in their life. They also mention feeling anxious and fearful about the future. The patient's emotional state seems to be negatively affecting their overall well-being and mental health.", "developmentSummary": "The patient is feeling overwhelmed and stressed due to work-related issues. They express frustration and exhaustion from the demands of their job. They are seeking guidance and coping strategies to manage their stress levels."}, {"date": 1700528701.818658, "conversation": []}, {"date": 1700528758.1785011, "conversation": [], "conversationSummary": "The patient's emotional state appears to be quite low. They express feelings of sadness, hopelessness, and a lack of motivation. They also mention experiencing anxiety and difficulty sleeping. Overall, the patient seems to be struggling with their mental well-being and is in need of support.", "developmentSummary": "The patient is experiencing sadness and hurt from a recent breakup, struggling to get over their ex-partner. They express difficulty and sadness, indicating a need for support and understanding during this challenging time."}, {"date": 1700529051.5084732, "conversation": []}, {"date": 1700529058.455895, "conversation": [], "conversationSummary": "The emotional state of the patient is unclear as the conversation is missing. Could you please provide the conversation between the patient and the AI Assistant ?", "developmentSummary": "The patient is experiencing sadness and hurt from a recent breakup, struggling to get over their ex-partner. They express difficulty and sadness, indicating a need for support and understanding during this challenging time."}, {"date": 1700530066.569785, "conversation": [], "conversationSummary": "The emotional state of the patient is not provided in the conversation.", "developmentSummary": "The patient is feeling overwhelmed and stressed due to work-related pressures. They express frustration and a sense of being trapped in their current situation. They are seeking guidance on how to cope with their stress and find a way to regain control over their life."}]
